School Year,School Level,School ID_x,School Name,State School ID,Zip Code,Total Enrollment,Grade PreK 3yrs,Grade PreK 4yrs,Grade K,Grade 1,Grade 2,Grade 3,Grade 4,Grade 5,Grade 6,Grade 7,Grade 8,Grade 9,Grade 10,Grade 11,Grade 12,American Indian or Alaska Native,Asian,Black or African American,Hispanic/Latino,Native Hawaiian or Other Pacific Islander,White,Male,Female,Economically Disadvantaged,Students with Disabilities,Limited English Proficiency,DataAsOf,American Indian or Alaska Native Count,Asian Count,Black or African American Count,Hispanic/Latino Count,Native Hawaiian or Other Pacific Islander Count,White Count,Male Count,Female Count,Economically Disadvantaged Count,Students with Disabilities Count,Limited English Proficiency Count,ach_score,lg_score,lg_grade,Total Funding Per Pupil,Federal Per Pupil,State and Local Per Pupil,Percentage Experienced Teachers,Student-Educator Ratio,ADDRESS,CITY,STATE,ZIP
22-23,Elementary School,496,A. Z. Kelley Elementary,1,37013,707,,6%,18%,19%,20%,18%,21%,,,,,,,,,0.0050000000000000044,0.15,0.37,0.27,0.0050000000000000044,0.2,0.53,0.47,0.33,0.11,0.44,01/17/2023,3.5350000000000033,106.05,261.59,190.89000000000001,3.5350000000000033,141.4,374.71000000000004,332.28999999999996,233.31,77.77,311.08,2.0,3.3,C,15488.45,2209.14,13279.310000000001,0.8889,12.0,5834 Pettus RD,Antioch,TN,37013.0
22-23,Elementary School,375,Alex Green Elementary,5,37189,439,< 10,7%,18%,17%,13%,14%,17%,12%,,,,,,,,0.0,0.0,0.79,0.11,0.0,0.1,0.51,0.49,0.69,0.11,0.17,01/17/2023,0.0,0.0,346.81,48.29,0.0,43.900000000000006,223.89000000000001,215.10999999999999,302.90999999999997,48.29,74.63000000000001,1.0,2.1,D,17694.170000000002,3115.04,14579.130000000001,0.8438,12.0,3921  Lloyd  RD,Whites Creek,TN,37189.0
22-23,Elementary School,105,Amqui Elementary,10,37115,514,< 10,6%,15%,18%,19%,14%,15%,12%,,,,,,,,0.003333333333333336,0.003333333333333336,0.44,0.44,0.003333333333333336,0.11,0.49,0.51,0.53,0.1,0.33,01/17/2023,1.7133333333333347,1.7133333333333347,226.16,226.16,1.7133333333333347,56.54,251.85999999999999,262.14,272.42,51.400000000000006,169.62,1.0,2.4,D,17578.64,3442.0099999999998,14136.630000000001,0.6667000000000001,11.0,319 Anderson LN,Madison,TN,37115.0
22-23,Elementary School,460,Andrew Jackson Elementary,15,37138,473,< 10,7%,19%,18%,13%,16%,13%,14%,,,,,,,,0.020000000000000018,0.020000000000000018,0.32,0.15,0.020000000000000018,0.47,0.56,0.44,0.22,0.16,0.09,01/17/2023,9.460000000000008,9.460000000000008,151.36,70.95,9.460000000000008,222.30999999999997,264.88000000000005,208.12,104.06,75.68,42.57,4.0,3.5,B,17212.39,2190.39,15022.0,0.9737,12.0,110  Shute  LN,Old Hickory,TN,37138.0
22-23,High School,110,Antioch High School,20,37013,2129,,,,,,,,,,,< 10,28%,27%,27%,18%,0.013333333333333308,0.013333333333333308,0.33,0.5,0.013333333333333308,0.13,0.52,0.48,0.29,0.11,0.37,01/17/2023,28.386666666666613,28.386666666666613,702.57,1064.5,28.386666666666613,276.77,1107.08,1021.92,617.41,234.19,787.73,1.0,1.1,F,13364.8,1739.97,11624.83,0.7879,16.0,1900  Hobson  PIKE,Antioch,TN,37013.0
22-23,Middle School,111,Antioch Middle,23,37013,659,,,,,,,,,33%,33%,34%,,,,,0.00500000000000006,0.05,0.36,0.47,0.00500000000000006,0.11,0.55,0.45,0.4,0.13,0.46,01/17/2023,3.2950000000000395,32.95,237.23999999999998,309.72999999999996,3.2950000000000395,72.49,362.45000000000005,296.55,263.6,85.67,303.14,1.0,1.4,F,15826.169999999998,2621.2999999999997,13204.869999999999,0.7059000000000001,12.0,5050 Blue Hole RD,Antioch,TN,37013.0
22-23,Middle School,577,Apollo Middle,25,37013,712,,,,,,,,27%,25%,23%,25%,,,,,0.013333333333333345,0.013333333333333345,0.28,0.58,0.013333333333333345,0.1,0.49,0.51,0.4,0.12,0.5,01/17/2023,9.493333333333341,9.493333333333341,199.36,412.96,9.493333333333341,71.2,348.88,363.12,284.8,85.44,356.0,1.0,1.2,F,14880.12,1885.8799999999999,12994.240000000002,0.8162999999999999,14.0,631  Richards  RD,Antioch,TN,37013.0
22-23,Charter,179,Aventura Community School,8015,37211,106,,,74%,26%,,,,,,,,,,,,0.013333333333333345,0.013333333333333345,0.15,0.59,0.013333333333333345,0.22,0.53,0.47,0.17,0.12,0.37,01/17/2023,1.4133333333333344,1.4133333333333344,15.899999999999999,62.54,1.4133333333333344,23.32,56.18,49.82,18.02,12.719999999999999,39.22,,,,,,,,,,,,
22-23,Middle School,130,Bellevue Middle,40,37221,503,,,,,,,,27%,26%,22%,25%,,,,,0.0,0.08,0.28,0.16,0.0,0.48,0.55,0.45,0.24,0.18,0.12,01/17/2023,0.0,40.24,140.84,80.48,0.0,241.44,276.65000000000003,226.35,120.72,90.53999999999999,60.36,2.7,2.8,C,14665.69,2141.8999999999996,12523.79,0.6111,14.0,655  Colice  Jeanne RD,Nashville,TN,37221.0
22-23,Elementary School,135,Bellshire Elementary,45,37207,399,< 10,10%,18%,16%,13%,14%,14%,13%,,,,,,,,0.0033333333333332993,0.0033333333333332993,0.8,0.14,0.0033333333333332993,0.05,0.54,0.46,0.66,0.16,0.11,01/17/2023,1.3299999999999863,1.3299999999999863,319.20000000000005,55.86000000000001,1.3299999999999863,19.950000000000003,215.46,183.54000000000002,263.34000000000003,63.84,43.89,1.0,2.0,D,18871.88,3664.66,15207.220000000001,0.8,12.0,1128 Bell Grimes LN,Nashville,TN,37207.0
22-23,Charter,118,Brick Church College Prep,118,37207,229,,,,,,,,8%,33%,23%,36%,,,,,0.010000000000000009,0.010000000000000009,0.82,0.14,0.010000000000000009,0.010000000000000009,0.48,0.52,0.7,0.16,0.19,01/17/2023,2.290000000000002,2.290000000000002,187.78,32.06,2.290000000000002,2.290000000000002,109.92,119.08,160.29999999999998,36.64,43.51,,,,,,,,,,,,
22-23,Elementary School,184,Cane Ridge Elementary,82,37013,727,,5%,16%,16%,16%,17%,13%,17%,,,,,,,,0.013333333333333308,0.013333333333333308,0.47,0.32,0.013333333333333308,0.17,0.54,0.46,0.38,0.11,0.41,01/17/2023,9.693333333333316,9.693333333333316,341.69,232.64000000000001,9.693333333333316,123.59,392.58000000000004,334.42,276.26,79.97,298.07,2.0,3.3,C,14743.3,2332.89,12410.41,0.7736,13.0,3884 Asheford Trace ,Antioch,TN,37013.0
22-23,High School,182,Cane Ridge High School,77,37013,1987,,,,,,,,,,,,28%,28%,24%,20%,0.0,0.07,0.41,0.38,0.0,0.14,0.51,0.49,0.32,0.12,0.32,01/17/2023,0.0,139.09,814.67,755.0600000000001,0.0,278.18,1013.37,973.63,635.84,238.44,635.84,1.0,1.2,F,12917.160000000002,1598.53,11318.630000000001,0.932,19.0,12848 Old Hickory BLVD,Antioch,TN,37013.0
22-23,Elementary School,185,Carter-Lawrence Elementary,670,37203,181,< 10,8%,22%,13%,17%,16%,18%,6%,,,,,,,,0.012500000000000011,0.012500000000000011,0.88,0.07,0.012500000000000011,0.012500000000000011,0.49,0.51,0.67,0.1,0.1,01/17/2023,2.262500000000002,2.262500000000002,159.28,12.670000000000002,2.262500000000002,2.262500000000002,88.69,92.31,121.27000000000001,18.1,18.1,1.0,2.1,D,21247.52,4340.5,16907.02,0.5294,10.0,1118 12th Avenue South ,Nashville,TN,37203.0
22-23,Elementary School,200,Chadwell Elementary,105,37115,416,< 10,< 5%,18%,18%,19%,16%,14%,11%,,,,,,,,0.013333333333333383,0.013333333333333383,0.57,0.31,0.013333333333333383,0.08,0.52,0.48,0.59,0.1,0.32,01/17/2023,5.546666666666687,5.546666666666687,237.11999999999998,128.96,5.546666666666687,33.28,216.32,199.68,245.44,41.6,133.12,1.0,1.2,F,16936.8,3139.41,13797.39,0.72,15.0,321 Port DR,Madison,TN,37115.0
22-23,Elementary School,205,Charlotte Park Elementary,110,37209,522,< 10,7%,16%,16%,19%,15%,14%,12%,,,,,,,,0.0,0.06,0.17,0.58,0.0,0.19,0.55,0.45,0.32,0.11,0.53,01/17/2023,0.0,31.32,88.74000000000001,302.76,0.0,99.18,287.1,234.9,167.04,57.42,276.66,2.0,2.4,D,17101.940000000002,2394.58,14707.36,0.8095,11.0,480 Annex AVE,Nashville,TN,37209.0
22-23,Elementary School,215,Cockrill Elementary,120,37209,275,5%,9%,20%,13%,13%,14%,14%,11%,,,,,,,,0.0033333333333332993,0.0033333333333332993,0.55,0.3,0.0033333333333332993,0.14,0.49,0.51,0.5,0.2,0.24,01/17/2023,0.9166666666666573,0.9166666666666573,151.25,82.5,0.9166666666666573,38.50000000000001,134.75,140.25,137.5,55.0,66.0,1.0,2.0,D,22704.309999999998,5075.24,17629.07,0.9167000000000001,10.0,4701  Indiana  AVE,Nashville,TN,37209.0
22-23,Elementary School,225,Cole Elementary,130,37013,794,< 5%,7%,16%,15%,16%,15%,16%,14%,,,,,,,,0.004999999999999949,0.09,0.1,0.66,0.004999999999999949,0.14,0.5,0.5,0.35,0.11,0.63,01/17/2023,3.9699999999999593,71.46,79.4,524.0400000000001,3.9699999999999593,111.16000000000001,397.0,397.0,277.9,87.34,500.22,1.0,1.8,D,16489.25,2692.89,13796.36,0.7903,12.0,5060  Colemont  DR,Antioch,TN,37013.0
22-23,Middle School,783,Creswell Middle School of the Arts,700,37218,274,,,,,,,,15%,32%,25%,28%,,,,,3.700743415417188e-17,3.700743415417188e-17,0.84,0.06,3.700743415417188e-17,0.1,0.38,0.62,0.42,0.14,0.075,01/17/2023,1.0140036958243096e-14,1.0140036958243096e-14,230.16,16.439999999999998,1.0140036958243096e-14,27.400000000000002,104.12,169.88,115.08,38.36000000000001,20.55,2.1,3.4,C,18887.56,4171.36,14716.2,0.875,12.0,3500 John Mallette DR,Nashville,TN,37218.0
22-23,Elementary School,235,Crieve Hall Elementary,145,37220,457,,,22%,22%,18%,15%,15%,9%,,,,,,,,0.01999999999999998,0.15,0.01999999999999998,0.27,0.01999999999999998,0.52,0.54,0.46,0.12,0.05,0.31,01/17/2023,9.13999999999999,68.55,9.13999999999999,123.39000000000001,9.13999999999999,237.64000000000001,246.78000000000003,210.22,54.839999999999996,22.85,141.67,5.0,3.6,B,14921.09,1542.25,13378.84,0.9231,12.0,498  Hogan  RD,Nashville,TN,37220.0
22-23,Middle School,238,Croft Middle,148,37211,504,,,,,,,,,32%,41%,28%,,,,,0.009999999999999972,0.009999999999999972,0.15,0.54,0.009999999999999972,0.28,0.53,0.47,0.25,0.11,0.44,01/17/2023,5.039999999999986,5.039999999999986,75.6,272.16,5.039999999999986,141.12,267.12,236.88,126.0,55.44,221.76,2.0,3.5,B,15397.2,1828.91,13568.29,0.8,12.0,482 Elysian Fields DR,Nashville,TN,37211.0
22-23,Elementary School,240,Cumberland Elementary,150,37218,442,,,16%,21%,17%,17%,15%,15%,,,,,,,,0.003333333333333336,0.003333333333333336,0.78,0.14,0.003333333333333336,0.07,0.52,0.48,0.66,0.13,0.12,01/17/2023,1.4733333333333345,1.4733333333333345,344.76,61.88,1.4733333333333345,30.94,229.84,212.16,291.72,57.46,53.04,1.0,2.0,D,15081.7,3048.98,12032.720000000001,0.47369999999999995,12.0,4247  Cato  RD,Nashville,TN,37218.0
22-23,Elementary School,560,Dan Mills Elementary,160,37216,620,< 10,< 5%,15%,19%,16%,18%,17%,12%,,,,,,,,0.006666666666666672,0.006666666666666672,0.14,0.19,0.006666666666666672,0.65,0.5,0.5,0.14,0.12,0.14,01/17/2023,4.133333333333336,4.133333333333336,86.80000000000001,117.8,4.133333333333336,403.0,310.0,310.0,86.80000000000001,74.39999999999999,86.80000000000001,5.0,4.0,B,14841.8,1707.66,13134.14,0.878,14.0,4106  Kennedy  AVE,Nashville,TN,37216.0
22-23,Elementary School,252,Dodson Elementary,165,37076,425,< 10,7%,17%,14%,14%,13%,18%,16%,,,,,,,,0.006666666666666672,0.006666666666666672,0.54,0.23,0.006666666666666672,0.21,0.5,0.5,0.51,0.16,0.17,01/17/2023,2.8333333333333357,2.8333333333333357,229.50000000000003,97.75,2.8333333333333357,89.25,212.5,212.5,216.75,68.0,72.25,2.0,3.2,C,19931.74,3594.41,16337.330000000002,0.9429000000000001,11.0,4401  Chandler  RD,Hermitage,TN,37076.0
22-23,Middle School,260,Donelson Middle,175,37214,449,,,,,,,,,31%,33%,36%,,,,,0.006666666666666672,0.006666666666666672,0.45,0.26,0.006666666666666672,0.27,0.51,0.49,0.43,0.16,0.22,01/17/2023,2.993333333333336,2.993333333333336,202.05,116.74000000000001,2.993333333333336,121.23,228.99,220.01,193.07,71.84,98.78,1.0,1.2,F,16134.52,2797.54,13336.98,0.7778,12.0,110  Stewarts  Ferry PIKE,Nashville,TN,37214.0
22-23,Elementary School,265,Dupont Elementary,180,37138,377,< 10,7%,14%,13%,18%,15%,15%,15%,,,,,,,,0.003333333333333336,0.003333333333333336,0.35,0.18,0.003333333333333336,0.46,0.5,0.5,0.42,0.14,0.11,01/17/2023,1.2566666666666677,1.2566666666666677,131.95,67.86,1.2566666666666677,173.42000000000002,188.5,188.5,158.34,52.78000000000001,41.47,2.0,2.1,D,19269.4,2794.6299999999997,16474.77,0.9309999999999999,11.0,1311  9th  ST,Old Hickory,TN,37138.0
22-23,Middle School,270,Dupont-Hadley Middle,190,37138,385,,,,,,,,,34%,33%,33%,,,,,0.010000000000000009,0.010000000000000009,0.34,0.14,0.010000000000000009,0.49,0.47,0.53,0.3,0.18,0.07,01/17/2023,3.850000000000003,3.850000000000003,130.9,53.900000000000006,3.850000000000003,188.65,180.95,204.05,115.5,69.3,26.950000000000003,2.0,3.5,B,14996.25,2074.45,12921.8,0.9,13.0,1901 Old Hickory BLVD,Old Hickory,TN,37138.0
22-23,Middle School,275,Dupont-Tyler Middle,185,37076,313,,,,,,,,,36%,31%,33%,,,,,0.01666666666666668,0.01666666666666668,0.47,0.25,0.01666666666666668,0.23,0.49,0.51,0.45,0.13,0.2,01/17/2023,5.216666666666671,5.216666666666671,147.10999999999999,78.25,5.216666666666671,71.99000000000001,153.37,159.63,140.85,40.690000000000005,62.6,1.0,3.0,C,16937.55,2976.4399999999996,13961.11,1.0,13.0,431  Tyler  DR,Hermitage,TN,37076.0
22-23,Elementary School,278,Eagle View Elementary,115,37013,682,< 10,8%,16%,16%,12%,18%,17%,12%,,,,,,,,0.016666666666666646,0.016666666666666646,0.5,0.33,0.016666666666666646,0.12,0.52,0.48,0.41,0.1,0.36,01/17/2023,11.366666666666653,11.366666666666653,341.0,225.06,11.366666666666653,81.84,354.64,327.36,279.62,68.2,245.51999999999998,2.0,2.6,C,16232.980000000001,2586.8999999999996,13646.080000000002,0.76,12.0,,,,
22-23,Elementary School,280,Eakin Elementary,195,37212,522,,,12%,23%,18%,18%,19%,10%,,,,,,,,0.0050000000000000044,0.1,0.39,0.06,0.0050000000000000044,0.44,0.49,0.51,0.19,0.14,0.06,01/17/2023,2.610000000000002,52.2,203.58,31.32,2.610000000000002,229.68,255.78,266.22,99.18,73.08000000000001,31.32,5.0,4.8,A,15332.849999999999,2091.7799999999997,13241.07,0.7436,13.0,2500 Fairfax AVE,Nashville,TN,37212.0
22-23,High School,562,Early College High School,437,37209,180,,,,,,,,,,,,26%,21%,22%,32%,0.023333333333333317,0.023333333333333317,0.45,0.2,0.023333333333333317,0.28,0.41,0.59,0.17,0.075,0.075,01/17/2023,4.1999999999999975,4.1999999999999975,81.0,36.0,4.1999999999999975,50.400000000000006,73.8,106.19999999999999,30.6,13.5,13.5,5.0,4.9,A,12687.43,1279.45,11407.98,0.8889,20.0,120 White Bridge RD,Nashville,TN,37209.0
22-23,Charter,286,East End Preparatory School,8009,37216,743,,,10%,11%,11%,11%,13%,11%,12%,9%,10%,,,,,0.003333333333333336,0.003333333333333336,0.79,0.14,0.003333333333333336,0.06,0.47,0.53,0.46,0.13,0.07,01/17/2023,2.476666666666669,2.476666666666669,586.97,104.02000000000001,2.476666666666669,44.58,349.21,393.79,341.78000000000003,96.59,52.010000000000005,4.0,4.5,A,19232.08,4979.4,14252.68,0.6491,13.0,1460 McGavock PIKE,Nashville,TN,37216.0
22-23,Middle School,296,East Nashville Middle,296,37206,258,,,,,,,,10%,30%,28%,31%,,,,,0.01399999999999999,0.01399999999999999,0.93,0.01399999999999999,0.01399999999999999,0.01399999999999999,0.5,0.5,0.51,0.09,0.075,01/17/2023,3.6119999999999974,3.6119999999999974,239.94000000000003,3.6119999999999974,3.6119999999999974,3.6119999999999974,129.0,129.0,131.58,23.22,19.349999999999998,1.0,2.2,D,16544.760000000002,2961.1299999999997,13583.630000000001,0.8,13.0,2000 Greenwood AVE,Nashville,TN,37206.0
22-23,High School,290,East Nashville School,203,37206,587,,,,,,,,,,,,28%,27%,22%,22%,0.01200000000000001,0.01200000000000001,0.94,0.01200000000000001,0.01200000000000001,0.01200000000000001,0.49,0.51,0.47,0.1,0.075,01/17/2023,7.044000000000006,7.044000000000006,551.78,7.044000000000006,7.044000000000006,7.044000000000006,287.63,299.37,275.89,58.7,44.025,1.0,1.2,F,13686.890000000001,1732.6699999999998,11954.220000000001,0.7778,17.0,110 Gallatin RD,Nashville,TN,37206.0
22-23,Charter,305,Explore Community School,8060,37206,524,,,13%,13%,15%,15%,10%,11%,14%,9%,,,,,,0.003333333333333336,0.003333333333333336,0.64,0.06,0.003333333333333336,0.29,0.51,0.49,0.51,0.18,0.025,01/17/2023,1.7466666666666681,1.7466666666666681,335.36,31.439999999999998,1.7466666666666681,151.95999999999998,267.24,256.76,267.24,94.32,13.100000000000001,2.0,3.5,B,16486.49,2928.68,13557.810000000001,0.4167,15.0,217 South 10th ST,NAShville,TN,37206.0
22-23,Elementary School,308,Fall-Hamilton Elementary,220,37203,295,8%,12%,12%,11%,16%,15%,15%,13%,,,,,,,,0.0033333333333333734,0.0033333333333333734,0.7,0.2,0.0033333333333333734,0.09,0.52,0.48,0.55,0.22,0.13,01/17/2023,0.9833333333333452,0.9833333333333452,206.5,59.0,0.9833333333333452,26.55,153.4,141.6,162.25,64.9,38.35,2.0,2.9,C,21600.35,3832.4399999999996,17767.91,0.7188,8.0,510  Wedgewood  AVE,Nashville,TN,37203.0
22-23,Elementary School,315,Gateway Elementary,235,37115,275,,7%,17%,17%,14%,11%,16%,18%,,,,,,,,0.006666666666666672,0.006666666666666672,0.31,0.47,0.006666666666666672,0.2,0.51,0.49,0.48,0.13,0.31,01/17/2023,1.8333333333333348,1.8333333333333348,85.25,129.25,1.8333333333333348,55.0,140.25,134.75,132.0,35.75,85.25,2.0,3.4,C,18103.81,2594.56,15509.25,0.7726999999999999,12.0,1524 Monticello AVE,Madison,TN,37115.0
22-23,Elementary School,320,Glencliff Elementary,240,37211,540,< 10,6%,22%,19%,17%,18%,17%,,,,,,,,,0.013333333333333308,0.013333333333333308,0.18,0.64,0.013333333333333308,0.14,0.51,0.49,0.33,0.08,0.56,01/17/2023,7.199999999999987,7.199999999999987,97.2,345.6,7.199999999999987,75.60000000000001,275.4,264.6,178.20000000000002,43.2,302.40000000000003,2.0,3.2,C,16014.87,2781.83,13233.04,0.8095,12.0,120  Antioch  PIKE,Nashville,TN,37211.0
22-23,High School,325,Glencliff High School,245,37211,1200,,,,,,,,,,,,30%,29%,21%,20%,0.00666666666666671,0.00666666666666671,0.19,0.69,0.00666666666666671,0.1,0.55,0.45,0.34,0.07,0.58,01/17/2023,8.000000000000052,8.000000000000052,228.0,827.9999999999999,8.000000000000052,120.0,660.0,540.0,408.00000000000006,84.00000000000001,696.0,1.0,1.4,F,14889.06,1832.4399999999998,13056.619999999999,0.8081999999999999,16.0,160  Antioch  PIKE,Nashville,TN,37211.0
22-23,Elementary School,330,Glendale Elementary,250,37204,412,< 5%,< 5%,17%,19%,20%,19%,17%,,,,,,,,,0.01666666666666668,0.01666666666666668,0.06,0.12,0.01666666666666668,0.77,0.5,0.5,0.025,0.09,0.075,01/17/2023,6.8666666666666725,6.8666666666666725,24.72,49.44,6.8666666666666725,317.24,206.0,206.0,10.3,37.08,30.9,5.0,4.4,B,14549.98,1954.36,12595.619999999999,0.8667,13.0,800 Thompson AVE,Nashville,TN,37204.0
22-23,Elementary School,335,Glengarry Elementary,255,37217,353,< 10,5%,18%,23%,15%,17%,22%,,,,,,,,,0.003333333333333336,0.003333333333333336,0.08,0.78,0.003333333333333336,0.13,0.51,0.49,0.28,0.11,0.73,01/17/2023,1.1766666666666676,1.1766666666666676,28.240000000000002,275.34000000000003,1.1766666666666676,45.89,180.03,172.97,98.84,38.83,257.69,2.0,2.9,C,16855.85,2708.33,14147.52,0.871,11.0,200  Finley  DR,Nashville,TN,37217.0
22-23,Elementary School,345,Glenview Elementary,265,37217,619,< 5%,7%,16%,19%,15%,16%,16%,11%,,,,,,,,0.003333333333333336,0.003333333333333336,0.16,0.73,0.003333333333333336,0.1,0.53,0.47,0.31,0.07,0.71,01/17/2023,2.0633333333333352,2.0633333333333352,99.04,451.87,2.0633333333333352,61.900000000000006,328.07,290.93,191.89,43.330000000000005,439.48999999999995,1.0,1.6,D,16499.01,3342.62,13156.39,0.9565,12.0,1020 Patricia DR,Nashville,TN,37217.0
22-23,Elementary School,350,Goodlettsville Elementary,270,37072,401,< 10,7%,15%,15%,16%,16%,17%,13%,,,,,,,,0.01666666666666668,0.01666666666666668,0.49,0.23,0.01666666666666668,0.23,0.54,0.46,0.37,0.2,0.19,01/17/2023,6.683333333333339,6.683333333333339,196.49,92.23,6.683333333333339,92.23,216.54000000000002,184.46,148.37,80.2,76.19,1.0,2.4,D,17463.120000000003,2339.74,15123.380000000001,0.963,13.0,514  Donald  ST,Goodlettsville,TN,37072.0
22-23,Middle School,355,Goodlettsville Middle,275,37072,432,,,,,,,,,34%,36%,30%,,,,,0.003333333333333336,0.003333333333333336,0.4,0.38,0.003333333333333336,0.21,0.53,0.47,0.38,0.18,0.28,01/17/2023,1.4400000000000013,1.4400000000000013,172.8,164.16,1.4400000000000013,90.72,228.96,203.04,164.16,77.75999999999999,120.96000000000001,1.0,2.1,D,14644.98,2008.49,12636.49,0.8889,16.0,300 South Main ST,Goodlettsville,TN,37072.0
22-23,Elementary School,360,Gower Elementary,280,37209,606,< 10,8%,17%,17%,14%,17%,14%,12%,,,,,,,,0.0050000000000000044,0.08,0.24,0.21,0.0050000000000000044,0.46,0.53,0.47,0.23,0.14,0.18,01/17/2023,3.030000000000003,48.480000000000004,145.44,127.25999999999999,3.030000000000003,278.76,321.18,284.82,139.38,84.84,109.08,3.0,3.6,B,18165.850000000002,2751.2,15414.650000000001,0.8837,13.0,650 Old Hickory BLVD,Nashville,TN,37209.0
22-23,Elementary School,370,Granbery Elementary,290,37027,663,,,23%,25%,16%,18%,18%,,,,,,,,,0.0,0.13,0.15,0.18,0.0,0.54,0.51,0.49,0.13,0.08,0.21,01/17/2023,0.0,86.19,99.45,119.33999999999999,0.0,358.02000000000004,338.13,324.87,86.19,53.04,139.23,5.0,4.8,A,15193.49,1688.72,13504.77,0.8162999999999999,14.0,5501  Hill  RD,Brentwood,TN,37027.0
22-23,Middle School,434,H.G. Hill Middle School,295,37205,428,,,,,,,,,32%,36%,32%,,,,,0.0050000000000000044,0.07,0.29,0.32,0.0050000000000000044,0.31,0.51,0.49,0.32,0.13,0.31,01/17/2023,2.140000000000002,29.960000000000004,124.11999999999999,136.96,2.140000000000002,132.68,218.28,209.72,136.96,55.64,132.68,2.0,3.5,B,15955.240000000002,2262.43,13692.810000000001,0.8787999999999999,13.0,150 Davidson RD,Nashville,TN,37205.0
22-23,Elementary School,395,Harpeth Valley Elementary,300,37221,612,,< 10,23%,20%,18%,19%,18%,,,,,,,,,0.010000000000000009,0.07,0.11,0.08,0.010000000000000009,0.72,0.52,0.48,0.08,0.09,0.05,01/17/2023,6.120000000000005,42.84,67.32000000000001,48.96,6.120000000000005,440.64,318.24,293.76,48.96,55.08,30.6,5.0,4.5,A,15191.12,1708.22,13482.900000000001,1.0,14.0,7840 Learning LN,Nashville,TN,37221.0
22-23,Elementary School,230,Hattie Cotton Elementary,140,37206,246,< 10,7%,14%,17%,16%,17%,15%,14%,,,,,,,,0.0,0.0,0.72,0.17,0.0,0.11,0.5,0.5,0.62,0.13,0.16,01/17/2023,0.0,0.0,177.12,41.82,0.0,27.06,123.0,123.0,152.52,31.98,39.36,1.0,1.9,D,18655.86,3790.9799999999996,14864.880000000001,0.7826000000000001,10.0,1033 West Greenwood AVE,Nashville,TN,37206.0
22-23,Middle School,400,Haynes Middle,305,37207,308,,,,,,,,,29%,32%,39%,,,,,3.700743415417188e-17,3.700743415417188e-17,0.82,0.1,3.700743415417188e-17,0.08,0.56,0.44,0.78,0.22,0.07,01/17/2023,1.139828971948494e-14,1.139828971948494e-14,252.55999999999997,30.8,1.139828971948494e-14,24.64,172.48000000000002,135.52,240.24,67.76,21.560000000000002,1.0,2.2,D,16544.59,3374.5699999999997,13170.02,0.6667000000000001,14.0,510 West Trinity LN,Nashville,TN,37207.0
22-23,Elementary School,405,Haywood Elementary,310,37211,594,< 5%,8%,20%,16%,16%,17%,20%,,,,,,,,,5.551115123125783e-17,0.1,0.12,0.7,5.551115123125783e-17,0.08,0.54,0.46,0.38,0.1,0.68,01/17/2023,3.297362383136715e-14,59.400000000000006,71.28,415.79999999999995,3.297362383136715e-14,47.52,320.76000000000005,273.24,225.72,59.400000000000006,403.92,1.0,2.4,D,17095.489999999998,3133.2299999999996,13962.259999999998,0.72,10.0,3790  Turley  DR,Nashville,TN,37211.0
22-23,Middle School,410,Head Middle,315,37203,510,,,,,,,,30%,33%,16%,20%,,,,,0.004999999999999893,0.07,0.54,0.07,0.004999999999999893,0.31,0.49,0.51,0.2,0.07,0.08,01/17/2023,2.5499999999999456,35.7,275.40000000000003,35.7,2.5499999999999456,158.1,249.9,260.1,102.0,35.7,40.800000000000004,4.2,3.7,B,14093.769999999999,2195.99,11897.779999999999,0.9375,16.0,1830 Jo Johnston AVE,Nashville,TN,37203.0
22-23,Elementary School,552,Henry C Maxwell Elementary,318,37013,565,< 5%,10%,14%,20%,17%,18%,19%,,,,,,,,,0.0050000000000000044,0.11,0.23,0.43,0.0050000000000000044,0.22,0.51,0.49,0.31,0.12,0.51,01/17/2023,2.8250000000000024,62.15,129.95000000000002,242.95,2.8250000000000024,124.3,288.15,276.85,175.15,67.8,288.15,2.0,3.4,C,16102.080000000002,2666.2,13435.880000000001,0.8205,13.0,5535 Blue Hole RD,Antioch,TN,37013.0
22-23,Elementary School,415,Hermitage Elementary,320,37076,316,< 10,8%,16%,16%,15%,15%,17%,11%,,,,,,,,0.006666666666666636,0.006666666666666636,0.28,0.33,0.006666666666666636,0.37,0.54,0.46,0.35,0.22,0.22,01/17/2023,2.106666666666657,2.106666666666657,88.48,104.28,2.106666666666657,116.92,170.64000000000001,145.36,110.6,69.52,69.52,1.0,1.5,D,19711.760000000002,2652.49,17059.27,0.8462000000000001,11.0,3800  Plantation  DR,Hermitage,TN,37076.0
22-23,Elementary School,420,Hickman Elementary,327,37214,448,< 5%,7%,14%,15%,12%,17%,14%,18%,,,,,,,,0.013333333333333345,0.013333333333333345,0.38,0.26,0.013333333333333345,0.32,0.55,0.45,0.39,0.17,0.21,01/17/2023,5.973333333333338,5.973333333333338,170.24,116.48,5.973333333333338,143.36,246.40000000000003,201.6,174.72,76.16000000000001,94.08,2.0,3.0,C,17814.969999999998,3410.1699999999996,14404.8,0.8856999999999999,11.0,112 Stewarts Ferry PIKE,Nashville,TN,37214.0
22-23,High School,435,Hillsboro High,335,37215,1198,,,,,,,,,,,< 10,27%,25%,26%,22%,0.010000000000000009,0.010000000000000009,0.47,0.09,0.010000000000000009,0.41,0.52,0.48,0.21,0.13,0.025,01/17/2023,11.980000000000011,11.980000000000011,563.06,107.82,11.980000000000011,491.17999999999995,622.96,575.04,251.57999999999998,155.74,29.950000000000003,3.0,2.2,D,14681.820000000002,1552.78,13129.04,0.7670999999999999,17.0,3812  Hillsboro  RD,Nashville,TN,37215.0
22-23,High School,440,Hillwood High,340,37205,1097,,,,,,,,,,,,29%,24%,24%,22%,0.0,0.06,0.32,0.26,0.0,0.36,0.53,0.47,0.28,0.14,0.19,01/17/2023,0.0,65.82,351.04,285.22,0.0,394.91999999999996,581.4100000000001,515.5899999999999,307.16,153.58,208.43,2.0,2.3,D,14461.79,1767.02,12694.77,0.8289,15.0,400  Davidson  RD,Nashville,TN,37205.0
22-23,Elementary School,451,Hull-Jackson Elementary,350,37208,400,17%,18%,18%,10%,11%,12%,9%,5%,,,,,,,,0.010000000000000009,0.010000000000000009,0.9,0.06,0.010000000000000009,0.010000000000000009,0.49,0.52,0.46,0.11,0.075,01/17/2023,4.0000000000000036,4.0000000000000036,360.0,24.0,4.0000000000000036,4.0000000000000036,196.0,208.0,184.0,44.0,30.0,1.0,1.7,D,24819.37,3590.7599999999998,21228.61,0.8529000000000001,8.0,1015  Kellow  ST,Nashville,TN,37208.0
22-23,High School,450,Hume-Fogg High,355,37203,896,,,,,,,,,,,,25%,26%,25%,25%,0.0,0.12,0.2,0.1,0.0,0.58,0.44,0.56,0.06,0.025,0.075,01/17/2023,0.0,107.52,179.20000000000002,89.60000000000001,0.0,519.68,394.24,501.76000000000005,53.76,22.400000000000002,67.2,5.0,5.0,A,12541.519999999999,1281.74,11259.779999999999,0.9129999999999999,20.0,700  Broadway  ,Nashville,TN,37203.0
22-23,High School,452,Hunters Lane High,358,37207,1488,,,,,,,,,,,,32%,26%,23%,18%,0.006666666666666672,0.006666666666666672,0.44,0.41,0.006666666666666672,0.13,0.55,0.45,0.42,0.13,0.29,01/17/2023,9.920000000000009,9.920000000000009,654.72,610.0799999999999,9.920000000000009,193.44,818.4000000000001,669.6,624.9599999999999,193.44,431.52,1.0,1.7,D,13635.69,1850.01,11785.68,0.7395999999999999,15.0,1150  Hunters  LN,Nashville,TN,37207.0
22-23,Elementary School,175,Ida B. Wells Elementary,80,37207,225,< 10,6%,20%,16%,16%,14%,14%,12%,,,,,,,,0.015000000000000013,0.015000000000000013,0.85,0.09,0.015000000000000013,0.015000000000000013,0.52,0.48,0.78,0.09,0.09,01/17/2023,3.375000000000003,3.375000000000003,191.25,20.25,3.375000000000003,3.375000000000003,117.0,108.0,175.5,20.25,20.25,1.0,3.0,C,18999.16,3760.4799999999996,15238.68,0.8695999999999999,9.0,244 Foster ST,Nashville,TN,37207.0
22-23,Elementary School,455,Inglewood Elementary,360,37216,235,< 10,14%,16%,13%,17%,17%,10%,11%,,,,,,,,0.003333333333333336,0.003333333333333336,0.66,0.09,0.003333333333333336,0.24,0.49,0.51,0.47,0.11,0.05,01/17/2023,0.783333333333334,0.783333333333334,155.1,21.15,0.783333333333334,56.4,115.14999999999999,119.85000000000001,110.44999999999999,25.85,11.75,1.0,2.1,D,22779.15,3935.6499999999996,18843.5,0.88,8.0,1700  Riverside  DR,Nashville,TN,37216.0
22-23,Charter,457,Intrepid College Prep Charter,8048,37013,847,,,,,,,,11%,13%,15%,14%,15%,13%,10%,8%,0.0033333333333333734,0.0033333333333333734,0.19,0.71,0.0033333333333333734,0.09,0.51,0.49,0.27,0.09,0.44,01/17/2023,2.8233333333333674,2.8233333333333674,160.93,601.37,2.8233333333333674,76.23,431.97,415.03,228.69000000000003,76.23,372.68,1.8,2.5,C,14158.32,3553.5899999999997,10604.73,0.4167,18.0,5432 Bell Forge Lane East ,Antioch,TN,37013.0
22-23,Middle School,510,Isaac Litton Middle,365,37216,301,,,,,,,,,38%,30%,32%,,,,,0.006666666666666672,0.006666666666666672,0.32,0.21,0.006666666666666672,0.45,0.54,0.46,0.29,0.18,0.15,01/17/2023,2.006666666666668,2.006666666666668,96.32000000000001,63.21,2.006666666666668,135.45000000000002,162.54000000000002,138.46,87.28999999999999,54.18,45.15,2.0,2.7,C,16282.160000000002,2129.7599999999998,14152.400000000001,0.8261,13.0,4601  Hedgewood  DR,Nashville,TN,37216.0
22-23,Elementary School,310,J.E. Moss Elementary,370,37013,676,< 10,8%,17%,20%,18%,18%,20%,,,,,,,,,0.0050000000000000044,0.06,0.12,0.75,0.0050000000000000044,0.06,0.51,0.49,0.4,0.11,0.65,01/17/2023,3.380000000000003,40.559999999999995,81.11999999999999,507.0,3.380000000000003,40.559999999999995,344.76,331.24,270.40000000000003,74.36,439.40000000000003,1.0,2.9,C,16471.41,2384.29,14087.119999999999,0.7931,11.0,4701  Bowfield  DR,Antioch,TN,37013.0
22-23,Middle School,120,Jere Baxter Middle,375,37207,446,,,,,,,,,33%,33%,34%,,,,,0.003333333333333336,0.003333333333333336,0.59,0.28,0.003333333333333336,0.12,0.55,0.45,0.59,0.19,0.28,01/17/2023,1.486666666666668,1.486666666666668,263.14,124.88000000000001,1.486666666666668,53.519999999999996,245.3,200.70000000000002,263.14,84.74,124.88000000000001,1.0,1.4,F,16397.699999999997,2960.4399999999996,13437.259999999998,0.48479999999999995,13.0,350 Hart LN,Nashville,TN,37207.0
22-23,Elementary School,465,Joelton Elementary,380,37080,266,< 10,< 5%,14%,23%,16%,19%,13%,10%,,,,,,,,0.003333333333333336,0.003333333333333336,0.19,0.15,0.003333333333333336,0.65,0.55,0.45,0.4,0.22,0.11,01/17/2023,0.8866666666666674,0.8866666666666674,50.54,39.9,0.8866666666666674,172.9,146.3,119.7,106.4,58.52,29.26,4.0,4.4,B,18584.199999999997,2135.0299999999997,16449.17,0.7273000000000001,11.0,7141 Whites Creek PIKE,Joelton,TN,37080.0
22-23,Elementary School,790,John B. Whitsitt Elementary,390,37210,482,< 10,< 5%,15%,17%,16%,15%,18%,13%,,,,,,,,0.010000000000000009,0.010000000000000009,0.11,0.68,0.010000000000000009,0.18,0.5,0.5,0.36,0.11,0.57,01/17/2023,4.820000000000004,4.820000000000004,53.02,327.76000000000005,4.820000000000004,86.75999999999999,241.0,241.0,173.51999999999998,53.02,274.73999999999995,3.0,3.9,B,17247.47,2993.3599999999997,14254.11,0.7368000000000001,12.0,110 Whitsett RD,Nashville,TN,37210.0
22-23,Middle School,285,John Early Middle,386,37208,181,,,,,,,,,28%,41%,30%,,,,,0.012500000000000011,0.012500000000000011,0.87,0.08,0.012500000000000011,0.012500000000000011,0.46,0.54,0.82,0.22,0.08,01/17/2023,2.262500000000002,2.262500000000002,157.47,14.48,2.262500000000002,2.262500000000002,83.26,97.74000000000001,148.42,39.82,14.48,1.0,2.1,D,21061.51,4420.21,16641.3,0.3,9.0,1000 Cass ST,Nashville,TN,37208.0
22-23,Middle School,498,John F. Kennedy Middle,393,37013,830,,,,,,,,26%,25%,26%,23%,,,,,0.013333333333333308,0.013333333333333308,0.32,0.5,0.013333333333333308,0.14,0.51,0.49,0.33,0.07,0.46,01/17/2023,11.066666666666645,11.066666666666645,265.6,415.0,11.066666666666645,116.20000000000002,423.3,406.7,273.90000000000003,58.10000000000001,381.8,1.7,3.3,C,13805.16,1839.76,11965.4,0.8364,15.0,2087 Hobson PIKE,Antioch,TN,37013.0
22-23,High School,615,John Overton High,395,37220,2017,,,,,,,,,,,,29%,26%,26%,19%,0.0,0.06,0.22,0.48,0.0,0.24,0.52,0.48,0.29,0.09,0.36,01/17/2023,0.0,121.02,443.74,968.16,0.0,484.08,1048.8400000000001,968.16,584.93,181.53,726.12,2.0,1.8,D,13549.17,1829.1000000000001,11720.07,0.8487,17.0,4820  Franklin  RD,Nashville,TN,37220.0
22-23,Middle School,563,John Trotwood Moore Middle,490,37204,533,,,,,,,,24%,26%,24%,26%,,,,,0.017500000000000016,0.017500000000000016,0.31,0.017500000000000016,0.017500000000000016,0.62,0.51,0.49,0.19,0.13,0.025,01/17/2023,9.327500000000008,9.327500000000008,165.23,9.327500000000008,9.327500000000008,330.46,271.83,261.17,101.27,69.29,13.325000000000001,5.0,3.1,C,14231.35,1517.3799999999999,12713.970000000001,0.8108,14.0,4425  Granny  White PIKE,Nashville,TN,37204.0
22-23,Elementary School,485,Jones Elementary,387,37208,287,< 10,5%,19%,16%,12%,17%,15%,14%,,,,,,,,0.007500000000000007,0.007500000000000007,0.9,0.07,0.007500000000000007,0.007500000000000007,0.51,0.49,0.75,0.14,0.025,01/17/2023,2.152500000000002,2.152500000000002,258.3,20.090000000000003,2.152500000000002,2.152500000000002,146.37,140.63,215.25,40.18000000000001,7.175000000000001,1.0,2.0,D,17607.79,3472.5199999999995,14135.27,0.5625,16.0,1800 9th AVE,Nashville,TN,37208.0
22-23,Elementary School,380,Julia Green Elementary,415,37215,435,,,23%,22%,20%,18%,17%,,,,,,,,,0.022499999999999992,0.05,0.022499999999999992,0.022499999999999992,0.022499999999999992,0.86,0.49,0.51,0.025,0.07,0.075,01/17/2023,9.787499999999996,21.75,9.787499999999996,9.787499999999996,9.787499999999996,374.09999999999997,213.15,221.85,10.875,30.450000000000003,32.625,5.0,4.1,B,14810.600000000002,1618.27,13192.330000000002,0.8181999999999999,13.0,3500 Hobbs RD,Nashville,TN,37215.0
22-23,Charter,509,KA @ The Crossings,8110,37013,528,,,,,,,,10%,14%,12%,12%,20%,16%,11%,7%,0.006666666666666636,0.006666666666666636,0.37,0.45,0.006666666666666636,0.16,0.51,0.49,0.33,0.15,0.32,01/17/2023,3.5199999999999836,3.5199999999999836,195.35999999999999,237.6,3.5199999999999836,84.48,269.28000000000003,258.71999999999997,174.24,79.2,168.96,1.0,1.7,D,,,,,,,,,
22-23,Charter,502,KIPP Academy Nashville,8002,37207,371,,,,,,,,23%,27%,26%,23%,,,,,0.007500000000000007,0.007500000000000007,0.56,0.41,0.007500000000000007,0.007500000000000007,0.52,0.48,0.53,0.13,0.28,01/17/2023,2.7825000000000024,2.7825000000000024,207.76000000000002,152.10999999999999,2.7825000000000024,2.7825000000000024,192.92000000000002,178.07999999999998,196.63000000000002,48.230000000000004,103.88000000000001,2.5,3.7,B,19595.879999999997,2779.3999999999996,16816.48,0.5333,25.0,123 Douglas AVE,Nashville,TN,37207.0
22-23,Charter,499,KIPP Academy Nashville Elementary,8095,37206,326,,,21%,21%,17%,22%,20%,,,,,,,,,0.015999999999999993,0.015999999999999993,0.92,0.015999999999999993,0.015999999999999993,0.015999999999999993,0.49,0.51,0.79,0.14,0.025,01/17/2023,5.2159999999999975,5.2159999999999975,299.92,5.2159999999999975,5.2159999999999975,5.2159999999999975,159.74,166.26,257.54,45.64000000000001,8.15,2.0,2.5,C,22393.949999999997,4172.08,18221.87,0.5882000000000001,20.0,1000 Sevier ST,Nashville,TN,37206.0
22-23,Charter,503,KIPP Nashville College Prep,8042,37207,325,,,,,,,,26%,28%,24%,22%,,,,,0.009999999999999981,0.009999999999999981,0.79,0.17,0.009999999999999981,0.009999999999999981,0.46,0.54,0.49,0.14,0.13,01/17/2023,3.249999999999994,3.249999999999994,256.75,55.25000000000001,3.249999999999994,3.249999999999994,149.5,175.5,159.25,45.50000000000001,42.25,2.7,3.8,B,24655.440000000002,5044.88,19610.56,0.4118,19.0,3410 Knight RD,Nashville,TN,37207.0
22-23,Charter,501,KIPP Nashville College Prep Elementary,8085,37207,415,,,20%,19%,20%,21%,20%,,,,,,,,,0.010000000000000009,0.010000000000000009,0.84,0.12,0.010000000000000009,0.010000000000000009,0.48,0.52,0.56,0.11,0.11,01/17/2023,4.150000000000004,4.150000000000004,348.59999999999997,49.8,4.150000000000004,4.150000000000004,199.2,215.8,232.40000000000003,45.65,45.65,3.0,3.0,C,22612.35,4395.12,18217.23,0.5625,26.0,3410 Knight RD,Nashville,TN,37207.0
22-23,Charter,504,KIPP Nashville Collegiate High School,8011,37207,472,,,,,,,,,,,,29%,26%,22%,24%,0.010000000000000009,0.010000000000000009,0.6,0.36,0.010000000000000009,0.010000000000000009,0.53,0.47,0.38,0.16,0.13,01/17/2023,4.720000000000004,4.720000000000004,283.2,169.92,4.720000000000004,4.720000000000004,250.16000000000003,221.83999999999997,179.36,75.52,61.36,2.0,2.1,D,20715.82,2385.72,18330.1,0.6286,14.0,123 Douglas AVE,Nashville,TN,37207.0
22-23,Elementary School,122,Lakeview Elementary,430,37217,603,11%,8%,15%,19%,15%,15%,17%,,,,,,,,,0.010000000000000009,0.010000000000000009,0.28,0.51,0.010000000000000009,0.18,0.52,0.48,0.34,0.21,0.45,01/17/2023,6.030000000000006,6.030000000000006,168.84,307.53000000000003,6.030000000000006,108.53999999999999,313.56,289.44,205.02,126.63,271.35,2.0,2.5,C,16627.059999999998,2990.2799999999997,13636.779999999999,0.6383,10.0,455 Rural Hill RD,Nashville,TN,37217.0
22-23,Charter,508,LEAD Academy,8003,37208,474,,,,,,,,,,,,29%,28%,24%,19%,0.003333333333333336,0.003333333333333336,0.28,0.64,0.003333333333333336,0.07,0.52,0.48,0.35,0.13,0.43,01/17/2023,1.5800000000000014,1.5800000000000014,132.72,303.36,1.5800000000000014,33.18,246.48000000000002,227.51999999999998,165.89999999999998,61.620000000000005,203.82,2.0,2.5,C,14925.58,5354.08,9571.5,0.45159999999999995,15.0,"1035 1st Ave South , LEAD College Prep Building",Nashville,TN,37210.0
22-23,Charter,181,LEAD Cameron,8010,37210,511,,,,,,,,7%,29%,31%,33%,,,,,0.003333333333333336,0.003333333333333336,0.23,0.68,0.003333333333333336,0.08,0.56,0.44,0.36,0.11,0.63,01/17/2023,1.7033333333333347,1.7033333333333347,117.53,347.48,1.7033333333333347,40.88,286.16,224.84,183.95999999999998,56.21,321.93,1.1,3.0,C,15598.529999999999,5503.889999999999,10094.64,0.5455,12.0,1034 1st Avenue South ,Nashville,TN,37210.0
22-23,Charter,507,LEAD Southeast,8013,37211,819,,,,,,,,11%,14%,13%,14%,14%,13%,10%,9%,-0.0050000000000000044,0.08,0.17,0.53,-0.0050000000000000044,0.23,0.49,0.51,0.31,0.09,0.45,01/17/2023,-4.095000000000003,65.52,139.23000000000002,434.07000000000005,-4.095000000000003,188.37,401.31,417.69,253.89,73.71,368.55,2.4,3.3,C,15523.71,4790.07,10733.64,0.4483,14.0,531 Metroplex DR,Nashville,TN,37211.0
22-23,Charter,517,Liberty Collegiate Academy,8005,37216,314,,,,,,,,10%,30%,29%,31%,,,,,0.003333333333333336,0.003333333333333336,0.41,0.52,0.003333333333333336,0.06,0.59,0.41,0.45,0.15,0.39,01/17/2023,1.0466666666666675,1.0466666666666675,128.73999999999998,163.28,1.0466666666666675,18.84,185.26,128.73999999999998,141.3,47.1,122.46000000000001,3.0,4.0,B,17813.8,4798.849999999999,13014.95,0.4667,21.0,3515 Gallatin RD,Nashville,TN,37206.0
22-23,Elementary School,520,Lockeland Elementary,435,37206,312,,,19%,19%,19%,19%,19%,6%,,,,,,,,0.01999999999999999,0.01999999999999999,0.01999999999999999,0.05,0.01999999999999999,0.87,0.49,0.51,0.075,0.1,0.075,01/17/2023,6.239999999999997,6.239999999999997,6.239999999999997,15.600000000000001,6.239999999999997,271.44,152.88,159.12,23.4,31.200000000000003,23.4,5.0,4.0,B,15053.699999999999,1554.3799999999999,13499.32,0.9565,14.0,105 South 17th ST,Nashville,TN,37206.0
22-23,Middle School,545,Madison Middle,622,37115,384,,,,,,,,,32%,34%,34%,,,,,0.003333333333333336,0.003333333333333336,0.55,0.36,0.003333333333333336,0.08,0.48,0.52,0.51,0.15,0.33,01/17/2023,1.2800000000000011,1.2800000000000011,211.20000000000002,138.24,1.2800000000000011,30.72,184.32,199.68,195.84,57.599999999999994,126.72,1.0,2.6,C,15018.4,2541.72,12476.68,0.5926,15.0,300 W Old Hickory BLVD,Madison,TN,37115.0
22-23,High School,550,Maplewood High,445,37216,712,,,,,,,,,,,,28%,26%,25%,21%,0.0033333333333333734,0.0033333333333333734,0.61,0.3,0.0033333333333333734,0.08,0.52,0.48,0.55,0.16,0.28,01/17/2023,2.373333333333362,2.373333333333362,434.32,213.6,2.373333333333362,56.96,370.24,341.76,391.6,113.92,199.36,1.0,1.2,F,15741.76,2865.56,12876.2,0.8443999999999999,15.0,401 Walton LN,Nashville,TN,37216.0
22-23,Middle School,100,Margaret Allen Middle,450,37210,266,,,,,,,,,36%,34%,30%,,,,,0.003333333333333336,0.003333333333333336,0.35,0.54,0.003333333333333336,0.1,0.55,0.45,0.35,0.11,0.54,01/17/2023,0.8866666666666674,0.8866666666666674,93.1,143.64000000000001,0.8866666666666674,26.6,146.3,119.7,93.1,29.26,143.64000000000001,1.0,3.0,C,15541.67,2716.66,12825.01,0.88,11.0,500  Spence  LN,Nashville,TN,37210.0
22-23,High School,497,Martin Luther King Jr School,456,37203,1201,,,,,,,,,,10%,11%,18%,21%,20%,19%,0.0050000000000000044,0.09,0.35,0.09,0.0050000000000000044,0.46,0.5,0.5,0.08,0.025,0.025,01/17/2023,6.005000000000005,108.08999999999999,420.34999999999997,108.08999999999999,6.005000000000005,552.46,600.5,600.5,96.08,30.025000000000002,30.025000000000002,5.0,5.0,A,12219.45,1349.93,10869.52,0.9384999999999999,19.0,613 17th Avenue North ,Nashville,TN,37203.0
22-23,Elementary School,682,May Werthan Shayne Elementary School,608,37211,731,,5%,17%,21%,18%,19%,20%,,,,,,,,,0.0050000000000000044,0.12,0.27,0.11,0.0050000000000000044,0.49,0.5,0.5,0.23,0.09,0.25,01/17/2023,3.6550000000000034,87.72,197.37,80.41,3.6550000000000034,358.19,365.5,365.5,168.13,65.78999999999999,182.75,4.0,4.4,B,15102.2,2101.1099999999997,13001.09,0.9608,14.0,6217 Nolensville RD,Nashville,TN,37211.0
22-23,Elementary School,530,McGavock Elementary,465,37214,291,< 10,5%,16%,17%,16%,15%,13%,15%,,,,,,,,0.003333333333333336,0.003333333333333336,0.31,0.5,0.003333333333333336,0.18,0.52,0.48,0.39,0.12,0.44,01/17/2023,0.9700000000000009,0.9700000000000009,90.21,145.5,0.9700000000000009,52.379999999999995,151.32,139.68,113.49000000000001,34.92,128.04,1.0,1.5,D,19000.579999999998,3388.2799999999997,15612.3,0.8332999999999999,12.0,275  McGavock  PIKE,Nashville,TN,37214.0
22-23,High School,532,McGavock High,470,37214,2086,,,,,,,,,,,,27%,26%,26%,21%,0.006666666666666672,0.006666666666666672,0.42,0.26,0.006666666666666672,0.3,0.51,0.49,0.35,0.14,0.15,01/17/2023,13.906666666666679,13.906666666666679,876.12,542.36,13.906666666666679,625.8,1063.8600000000001,1022.14,730.0999999999999,292.04,312.9,1.0,1.1,F,13707.359999999999,1666.5600000000002,12040.8,0.8492000000000001,17.0,3150  McGavock  PIKE,Nashville,TN,37214.0
22-23,Middle School,540,McMurray Middle,480,37211,705,,,,,,,,26%,24%,23%,27%,,,,,5.551115123125783e-17,0.09,0.11,0.72,5.551115123125783e-17,0.08,0.55,0.45,0.34,0.11,0.69,01/17/2023,3.913536161803677e-14,63.449999999999996,77.55,507.59999999999997,3.913536161803677e-14,56.4,387.75000000000006,317.25,239.70000000000002,77.55,486.45,1.0,2.2,D,15765.940000000002,2550.2,13215.740000000002,0.7963,13.0,520  McMurray  DR,Nashville,TN,37211.0
22-23,Middle School,555,Meigs Middle,330,37206,695,,,,,,,,25%,25%,25%,25%,,,,,0.0,0.11,0.19,0.07,0.0,0.63,0.49,0.51,0.05,0.06,0.025,01/17/2023,0.0,76.45,132.05,48.650000000000006,0.0,437.85,340.55,354.45,34.75,41.699999999999996,17.375,5.0,3.1,C,12890.4,1381.1200000000001,11509.279999999999,1.0,18.0,713 Ramsey ST,Nashville,TN,37206.0
22-23,Middle School,535,Moses McKissack Middle,35,37209,173,,,,,,,,,22%,38%,40%,,,,,0.015999999999999993,0.015999999999999993,0.92,0.015999999999999993,0.015999999999999993,0.015999999999999993,0.53,0.47,0.77,0.25,0.075,01/17/2023,2.767999999999999,2.767999999999999,159.16,2.767999999999999,2.767999999999999,2.767999999999999,91.69,81.31,133.21,43.25,12.975,1.0,1.8,D,25973.2,4468.089999999999,21505.11,0.9375,11.0,915 38th Ave N ,Nashville,TN,37209.0
22-23,Elementary School,576,Mt. View Elementary,493,37013,730,< 10,7%,20%,18%,18%,18%,18%,,,,,,,,,0.01666666666666668,0.01666666666666668,0.27,0.41,0.01666666666666668,0.27,0.49,0.51,0.33,0.11,0.5,01/17/2023,12.166666666666677,12.166666666666677,197.10000000000002,299.29999999999995,12.166666666666677,197.10000000000002,357.7,372.3,240.9,80.3,365.0,2.0,3.0,C,16220.4,2380.1499999999996,13840.25,0.7646999999999999,13.0,3820  Murfreesboro  RD,Antioch,TN,37013.0
22-23,Elementary School,590,Napier Elementary,510,37210,320,< 5%,11%,13%,18%,13%,13%,14%,13%,,,,,,,,0.0050000000000000044,0.0050000000000000044,0.88,0.1,0.0050000000000000044,0.0050000000000000044,0.45,0.55,0.89,0.19,0.025,01/17/2023,1.6000000000000014,1.6000000000000014,281.6,32.0,1.6000000000000014,1.6000000000000014,144.0,176.0,284.8,60.8,8.0,1.0,3.0,C,21638.68,4760.76,16877.92,0.5909,12.0,60  Fairfield  AVE,Nashville,TN,37210.0
22-23,Charter,592,Nashville Classical,8044,37206,520,,,15%,14%,12%,12%,12%,9%,10%,9%,8%,,,,,0.003333333333333336,0.003333333333333336,0.63,0.09,0.003333333333333336,0.27,0.51,0.49,0.3,0.15,0.025,01/17/2023,1.7333333333333347,1.7333333333333347,327.6,46.8,1.7333333333333347,140.4,265.2,254.79999999999998,156.0,78.0,13.0,3.5,2.2,D,16829.989999999998,2910.1,13919.89,0.4412,16.0,1310 Ordway ,Nashville,TN,37206.0
22-23,Charter,594,Nashville Prep,8008,37209,206,,,,,,,,15%,33%,29%,24%,,,,,0.006666666666666672,0.006666666666666672,0.44,0.49,0.006666666666666672,0.05,0.49,0.51,0.47,0.14,0.37,01/17/2023,1.3733333333333344,1.3733333333333344,90.64,100.94,1.3733333333333344,10.3,100.94,105.06,96.82,28.840000000000003,76.22,2.0,3.5,B,20324.64,5655.19,14669.45,0.2,20.0,1300 56th Ave N ,Nashville,TN,37209.0
22-23,High School,242,Nashville School Of The Arts,512,37210,603,,,,,,,,,,,,27%,23%,25%,25%,0.006666666666666672,0.006666666666666672,0.4,0.1,0.006666666666666672,0.48,0.3,0.7,0.14,0.11,0.075,01/17/2023,4.020000000000003,4.020000000000003,241.20000000000002,60.300000000000004,4.020000000000003,289.44,180.9,422.09999999999997,84.42,66.33,45.225,5.0,4.8,A,13052.02,1394.64,11657.380000000001,0.8332999999999999,17.0,1250 Foster AVE,Nashville,TN,37210.0
22-23,Charter,601,Neelys Bend College Prep,6000,37115,371,,,,,,,,< 5%,36%,32%,29%,,,,,0.0,0.0,0.44,0.43,0.0,0.13,0.57,0.43,0.44,0.16,0.31,01/17/2023,0.0,0.0,163.24,159.53,0.0,48.230000000000004,211.46999999999997,159.53,163.24,59.36,115.01,,,,,,,,,,,,
22-23,Elementary School,595,Neelys Bend Elementary,515,37115,370,< 5%,7%,16%,18%,15%,15%,15%,12%,,,,,,,,0.003333333333333336,0.003333333333333336,0.39,0.49,0.003333333333333336,0.11,0.47,0.53,0.45,0.15,0.34,01/17/2023,1.2333333333333343,1.2333333333333343,144.3,181.29999999999998,1.2333333333333343,40.7,173.89999999999998,196.10000000000002,166.5,55.5,125.80000000000001,2.0,2.5,C,17549.85,2906.5699999999997,14643.279999999999,0.8571,12.0,1300 Neely's Bend RD,Madison,TN,37115.0
22-23,Elementary School,145,Norman Binkley Elementary,525,37211,674,< 10,< 5%,17%,19%,16%,16%,15%,12%,,,,,,,,0.013333333333333345,0.013333333333333345,0.13,0.59,0.013333333333333345,0.24,0.5,0.5,0.27,0.14,0.6,01/17/2023,8.986666666666673,8.986666666666673,87.62,397.65999999999997,8.986666666666673,161.76,337.0,337.0,181.98000000000002,94.36000000000001,404.4,2.0,2.9,C,16561.329999999998,2668.1699999999996,13893.16,0.7895,11.0,4700 West Longdale DR,Nashville,TN,37211.0
22-23,Elementary School,610,Old Center Elementary,535,37072,367,< 10,9%,14%,16%,17%,15%,15%,12%,,,,,,,,0.0033333333333332993,0.0033333333333332993,0.5,0.34,0.0033333333333332993,0.15,0.5,0.5,0.44,0.11,0.26,01/17/2023,1.2233333333333207,1.2233333333333207,183.5,124.78000000000002,1.2233333333333207,55.05,183.5,183.5,161.48,40.37,95.42,3.0,2.1,D,19192.42,3414.2999999999997,15778.119999999999,0.9309999999999999,11.0,1245 Dickerson Pike South ,Goodlettsville,TN,37072.0
22-23,Elementary School,618,Paragon Mills Elementary,540,37211,567,< 5%,8%,19%,18%,16%,17%,17%,,,,,,,,,0.0,0.08,0.24,0.55,0.0,0.13,0.52,0.48,0.49,0.11,0.62,01/17/2023,0.0,45.36,136.07999999999998,311.85,0.0,73.71000000000001,294.84000000000003,272.15999999999997,277.83,62.37,351.54,1.0,2.9,C,16701.61,3027.25,13674.36,0.75,11.0,260 Paragon Mills RD,Nashville,TN,37211.0
22-23,Elementary School,620,Park Avenue Elementary,545,37209,350,7%,10%,16%,17%,12%,13%,14%,10%,,,,,,,,0.003333333333333336,0.003333333333333336,0.87,0.05,0.003333333333333336,0.07,0.54,0.46,0.71,0.22,0.025,01/17/2023,1.1666666666666676,1.1666666666666676,304.5,17.5,1.1666666666666676,24.500000000000004,189.0,161.0,248.5,77.0,8.75,1.0,1.8,D,19551.99,3754.91,15797.080000000002,0.68,12.0,3703  Park  AVE,Nashville,TN,37209.0
22-23,High School,632,Pearl-Cohn High,555,37208,616,,,,,,,,,,,,24%,25%,29%,23%,0.0050000000000000044,0.0050000000000000044,0.92,0.06,0.0050000000000000044,0.0050000000000000044,0.53,0.47,0.66,0.19,0.05,01/17/2023,3.0800000000000027,3.0800000000000027,566.72,36.96,3.0800000000000027,3.0800000000000027,326.48,289.52,406.56,117.04,30.8,1.0,1.2,F,14723.470000000001,2251.2,12472.27,0.6585,15.0,904 26th Avenue North ,Nashville,TN,37208.0
22-23,Elementary School,640,Pennington Elementary,565,37214,319,< 10,6%,15%,16%,14%,15%,17%,16%,,,,,,,,0.006666666666666672,0.006666666666666672,0.24,0.21,0.006666666666666672,0.53,0.53,0.47,0.26,0.14,0.14,01/17/2023,2.1266666666666683,2.1266666666666683,76.56,66.99,2.1266666666666683,169.07000000000002,169.07000000000002,149.92999999999998,82.94,44.660000000000004,44.660000000000004,2.0,1.5,D,17749.61,2509.5699999999997,15240.04,0.96,12.0,2817 Donna Hill DR,Nashville,TN,37214.0
22-23,Elementary School,650,Percy Priest Elementary,570,37215,452,,,21%,23%,18%,21%,17%,,,,,,,,,0.02250000000000002,0.07,0.02250000000000002,0.02250000000000002,0.02250000000000002,0.84,0.56,0.44,0.075,0.06,0.025,01/17/2023,10.170000000000009,31.640000000000004,10.170000000000009,10.170000000000009,10.170000000000009,379.68,253.12000000000003,198.88,33.9,27.119999999999997,11.3,5.0,3.7,B,15943.870000000003,2139.79,13804.080000000002,0.9394,14.0,1700  Otter  Creek RD,Nashville,TN,37215.0
22-23,Charter,652,Purpose Prep,8046,37228,390,,,17%,17%,16%,19%,23%,8%,,,,,,,,0.007499999999999979,0.007499999999999979,0.92,0.007499999999999979,0.007499999999999979,0.05,0.44,0.56,0.4,0.06,0.025,01/17/2023,2.924999999999992,2.924999999999992,358.8,2.924999999999992,2.924999999999992,19.5,171.6,218.40000000000003,156.0,23.4,9.75,4.0,2.9,C,16162.67,3769.0699999999997,12393.6,0.3,39.0,220 Venture CIR,Nashville,TN,37228.0
22-23,Charter,660,RePublic High School,8100,37207,601,,,,,,,,,,,,29%,28%,21%,23%,0.015000000000000013,0.015000000000000013,0.47,0.47,0.015000000000000013,0.015000000000000013,0.55,0.45,0.41,0.16,0.21,01/17/2023,9.015000000000008,9.015000000000008,282.46999999999997,282.46999999999997,9.015000000000008,9.015000000000008,330.55,270.45,246.41,96.16,126.21,2.0,3.0,C,15180.869999999999,3757.91,11422.96,0.2727,28.0,3307 Brick Church PIKE,Nashville,TN,37207.0
22-23,Elementary School,784,Robert Churchwell Elementary,618,37208,295,< 10,5%,16%,21%,11%,18%,14%,15%,,,,,,,,0.0025000000000000022,0.0025000000000000022,0.92,0.07,0.0025000000000000022,0.0025000000000000022,0.47,0.53,0.83,0.16,0.08,01/17/2023,0.7375000000000007,0.7375000000000007,271.40000000000003,20.650000000000002,0.7375000000000007,0.7375000000000007,138.65,156.35,244.85,47.2,23.6,1.0,2.0,D,18182.99,4199.66,13983.330000000002,0.5909,12.0,1625 Dr. D. B. Todd Jr. BLVD,Nashville,TN,37208.0
22-23,Charter,667,Rocketship Nashville Northeast Elementary,8050,37207,491,,,18%,19%,17%,20%,19%,8%,,,,,,,,0.010000000000000009,0.010000000000000009,0.71,0.25,0.010000000000000009,0.010000000000000009,0.53,0.47,0.64,0.14,0.21,01/17/2023,4.910000000000005,4.910000000000005,348.60999999999996,122.75,4.910000000000005,4.910000000000005,260.23,230.76999999999998,314.24,68.74000000000001,103.11,1.0,2.4,D,12388.779999999999,2567.5699999999997,9821.21,0.2593,18.0,2526 Dickerson RD,Nashville,TN,37207.0
22-23,Charter,668,Rocketship United,8070,37217,493,,,19%,22%,21%,17%,22%,,,,,,,,,0.006666666666666672,0.006666666666666672,0.46,0.47,0.006666666666666672,0.05,0.45,0.55,0.42,0.1,0.52,01/17/2023,3.2866666666666693,3.2866666666666693,226.78,231.70999999999998,3.2866666666666693,24.650000000000002,221.85,271.15000000000003,207.06,49.300000000000004,256.36,3.0,4.0,B,11637.68,2432.0099999999998,9205.67,0.2273,22.0,320 Plus Park BLVD,Nashville,TN,37217.0
22-23,Middle School,675,Rose Park Middle,595,37203,376,,,,,,,,18%,31%,26%,25%,,,,,0.010000000000000009,0.010000000000000009,0.67,0.1,0.010000000000000009,0.2,0.55,0.45,0.24,0.1,0.025,01/17/2023,3.7600000000000033,3.7600000000000033,251.92000000000002,37.6,3.7600000000000033,75.2,206.8,169.20000000000002,90.24,37.6,9.4,3.8,3.4,C,14485.7,1861.2700000000002,12624.43,0.6786,14.0,1025 9th Avenue South ,Nashville,TN,37203.0
22-23,Elementary School,670,Rosebank Elementary,600,37206,427,< 10,7%,18%,16%,18%,15%,13%,11%,,,,,,,,0.013333333333333345,0.013333333333333345,0.36,0.11,0.013333333333333345,0.49,0.51,0.49,0.29,0.15,0.07,01/17/2023,5.693333333333338,5.693333333333338,153.72,46.97,5.693333333333338,209.23,217.77,209.23,123.83,64.05,29.890000000000004,4.0,3.5,B,18960.17,2709.5099999999998,16250.66,0.9,12.0,1012  Preston  DR,Nashville,TN,37206.0
22-23,Elementary School,522,Ruby Major Elementary,607,37076,555,< 10,7%,17%,17%,14%,15%,16%,14%,,,,,,,,0.01666666666666668,0.01666666666666668,0.46,0.15,0.01666666666666668,0.34,0.52,0.48,0.39,0.13,0.14,01/17/2023,9.250000000000007,9.250000000000007,255.3,83.25,9.250000000000007,188.70000000000002,288.6,266.4,216.45000000000002,72.15,77.7,2.0,2.4,D,16670.98,2602.1699999999996,14068.810000000001,0.9231,13.0,5141 John Hager RD,Hermitage,TN,37076.0
22-23,Elementary School,685,Shwab Elementary,610,37207,338,5%,10%,15%,15%,15%,17%,11%,12%,,,,,,,,0.0,0.0,0.38,0.54,0.0,0.08,0.52,0.48,0.45,0.2,0.41,01/17/2023,0.0,0.0,128.44,182.52,0.0,27.04,175.76000000000002,162.23999999999998,152.1,67.60000000000001,138.57999999999998,1.0,2.0,D,20625.54,4137.79,16487.75,0.8214,10.0,1500  Dickerson  RD,Nashville,TN,37207.0
22-23,Elementary School,686,Smith Springs Elementary School,750,37013,732,,8%,19%,18%,18%,18%,19%,,,,,,,,,0.010000000000000009,0.010000000000000009,0.41,0.36,0.010000000000000009,0.2,0.52,0.48,0.35,0.11,0.33,01/17/2023,7.3200000000000065,7.3200000000000065,300.12,263.52,7.3200000000000065,146.4,380.64,351.36,256.2,80.52,241.56,2.0,2.7,C,15344.86,2438.29,12906.57,0.84,13.0,3132 Smith Springs RD,Antioch,TN,37013.0
22-23,Charter,687,Smithson Craighead Academy,8001,37115,311,,,19%,19%,17%,20%,13%,12%,,,,,,,,3.700743415417188e-17,3.700743415417188e-17,0.43,0.48,3.700743415417188e-17,0.09,0.53,0.47,0.37,0.14,0.36,01/17/2023,1.1509312021947455e-14,1.1509312021947455e-14,133.73,149.28,1.1509312021947455e-14,27.99,164.83,146.17,115.07,43.540000000000006,111.96,2.0,2.2,D,19748.87,4209.69,15539.18,0.6842,17.0,730 Neely's Bend RD,Madison,TN,37115.0
22-23,Elementary School,690,Stanford Elementary,615,37214,424,13%,14%,14%,14%,13%,12%,12%,8%,,,,,,,,0.01666666666666668,0.01666666666666668,0.28,0.08,0.01666666666666668,0.59,0.51,0.49,0.11,0.1,0.025,01/17/2023,7.066666666666673,7.066666666666673,118.72000000000001,33.92,7.066666666666673,250.16,216.24,207.76,46.64,42.400000000000006,10.600000000000001,5.0,4.0,B,20783.969999999998,1731.9399999999998,19052.03,0.9655,11.0,2417  Maplecrest  DR,Nashville,TN,37214.0
22-23,Charter,695,STEM Prep Academy,8006,37210,524,,,,,,,,22%,26%,27%,25%,,,,,0.010000000000000009,0.010000000000000009,0.25,0.53,0.010000000000000009,0.19,0.51,0.49,0.37,0.09,0.52,01/17/2023,5.240000000000005,5.240000000000005,131.0,277.72,5.240000000000005,99.56,267.24,256.76,193.88,47.16,272.48,2.7,3.8,B,15526.93,3320.7799999999997,12206.15,0.24,21.0,1162 Foster AVE,Nashville,TN,37210.0
22-23,Charter,696,STEM Prep High School,8075,37210,522,,,,,,,,,,,,26%,27%,23%,23%,0.006666666666666672,0.006666666666666672,0.21,0.56,0.006666666666666672,0.21,0.54,0.46,0.3,0.08,0.35,01/17/2023,3.480000000000003,3.480000000000003,109.61999999999999,292.32000000000005,3.480000000000003,109.61999999999999,281.88,240.12,156.6,41.76,182.7,2.0,3.1,C,13777.099999999999,3039.7999999999997,10737.3,0.381,25.0,1162 foster AVE,Nashville,TN,37210.0
22-23,High School,705,Stratford STEM Magnet School,620,37216,798,,,,,,,,,9%,8%,10%,21%,19%,18%,16%,0.0033333333333332993,0.0033333333333332993,0.67,0.18,0.0033333333333332993,0.14,0.52,0.48,0.59,0.2,0.15,01/17/2023,2.6599999999999726,2.6599999999999726,534.6600000000001,143.64,2.6599999999999726,111.72000000000001,414.96000000000004,383.03999999999996,470.82,159.60000000000002,119.69999999999999,1.0,1.8,D,16752.23,2796.7799999999997,13955.45,0.8525,13.0,1800  Stratford  AVE,Nashville,TN,37216.0
22-23,Elementary School,710,Stratton Elementary,625,37115,479,,< 5%,14%,19%,16%,19%,15%,13%,,,,,,,,0.006666666666666672,0.006666666666666672,0.38,0.5,0.006666666666666672,0.1,0.5,0.5,0.48,0.12,0.46,01/17/2023,3.193333333333336,3.193333333333336,182.02,239.5,3.193333333333336,47.900000000000006,239.5,239.5,229.92,57.48,220.34,1.0,1.2,F,16716.149999999998,2763.1899999999996,13952.96,0.7436,12.0,310 Old Hickory Blvd. West ,Madison,TN,37115.0
22-23,Charter,712,Strive Collegiate Academy,8090,37214,278,,,,,,,,,33%,37%,29%,,,,,0.006666666666666672,0.006666666666666672,0.46,0.28,0.006666666666666672,0.24,0.49,0.51,0.33,0.17,0.19,01/17/2023,1.8533333333333348,1.8533333333333348,127.88000000000001,77.84,1.8533333333333348,66.72,136.22,141.78,91.74000000000001,47.260000000000005,52.82,2.0,3.5,B,15355.130000000001,3524.43,11830.7,0.15380000000000002,22.0,"3055 Lebanon RD, Suite 300",Nashville,TN,37214.0
22-23,Elementary School,715,Sylvan Park Elementary,630,37209,450,,,19%,19%,18%,16%,16%,12%,,,,,,,,0.01666666666666668,0.01666666666666668,0.24,0.05,0.01666666666666668,0.66,0.51,0.49,0.13,0.13,0.025,01/17/2023,7.500000000000006,7.500000000000006,108.0,22.5,7.500000000000006,297.0,229.5,220.5,58.5,58.5,11.25,5.0,3.6,B,15709.8,1830.3,13879.5,0.8824,13.0,4801  Utah  AVE,Nashville,TN,37209.0
22-23,Elementary School,575,Thomas A. Edison Elementary,208,37013,584,< 10,< 5%,18%,18%,20%,17%,20%,,,,,,,,,0.010000000000000009,0.010000000000000009,0.32,0.43,0.010000000000000009,0.22,0.53,0.47,0.35,0.11,0.5,01/17/2023,5.840000000000005,5.840000000000005,186.88,251.12,5.840000000000005,128.48,309.52000000000004,274.47999999999996,204.39999999999998,64.24,292.0,2.0,3.3,C,16022.259999999998,2677.2799999999997,13344.98,0.7273000000000001,12.0,6130 Mt. View RD,Antioch,TN,37013.0
22-23,Middle School,551,Thurgood Marshall Middle,633,37013,766,,,,,,,,21%,27%,26%,26%,,,,,0.0,0.1,0.35,0.39,0.0,0.16,0.54,0.46,0.27,0.1,0.46,01/17/2023,0.0,76.60000000000001,268.09999999999997,298.74,0.0,122.56,413.64000000000004,352.36,206.82000000000002,76.60000000000001,352.36,1.0,1.6,D,14822.1,2107.27,12714.83,0.9057,14.0,5820 Pettus RD,Antioch,TN,37013.0
22-23,Elementary School,495,Tom Joy Elementary,635,37207,446,< 10,8%,20%,15%,13%,18%,15%,10%,,,,,,,,0.006666666666666636,0.006666666666666636,0.56,0.33,0.006666666666666636,0.09,0.5,0.5,0.64,0.11,0.3,01/17/2023,2.9733333333333194,2.9733333333333194,249.76000000000002,147.18,2.9733333333333194,40.14,223.0,223.0,285.44,49.06,133.79999999999998,1.0,2.8,C,17736.69,3565.4399999999996,14171.25,0.8056,12.0,2201  Jones  AVE,Nashville,TN,37207.0
22-23,Elementary School,717,Tulip Grove Elementary,637,37076,531,< 5%,5%,16%,17%,15%,14%,19%,11%,,,,,,,,0.020000000000000018,0.020000000000000018,0.37,0.32,0.020000000000000018,0.25,0.5,0.5,0.37,0.18,0.27,01/17/2023,10.62000000000001,10.62000000000001,196.47,169.92000000000002,10.62000000000001,132.75,265.5,265.5,196.47,95.58,143.37,2.0,1.5,D,18231.920000000002,2783.72,15448.2,0.8571,12.0,441  Tyler  DR,Hermitage,TN,37076.0
22-23,Elementary School,725,Tusculum Elementary,645,37211,661,< 5%,7%,16%,20%,18%,17%,18%,,,,,,,,,0.00500000000000006,0.07,0.11,0.69,0.00500000000000006,0.12,0.51,0.49,0.37,0.1,0.68,01/17/2023,3.3050000000000397,46.27,72.71,456.09,3.3050000000000397,79.32,337.11,323.89,244.57,66.10000000000001,449.48,2.0,3.4,C,16925.51,3537.8399999999997,13387.669999999998,0.8305,10.0,440 McMurray DR,Nashville,TN,37211.0
22-23,Middle School,730,Two Rivers Middle,650,37214,267,,,,,,,,,34%,35%,31%,,,,,0.006666666666666672,0.006666666666666672,0.41,0.31,0.006666666666666672,0.26,0.57,0.43,0.51,0.19,0.26,01/17/2023,1.7800000000000016,1.7800000000000016,109.47,82.77,1.7800000000000016,69.42,152.19,114.81,136.17000000000002,50.730000000000004,69.42,1.0,3.0,C,15875.869999999999,2764.0299999999997,13111.84,0.75,13.0,2991  McGavock  PIKE,Nashville,TN,37214.0
22-23,Elementary School,735,Una Elementary,655,37217,763,< 10,< 5%,15%,16%,16%,15%,17%,16%,,,,,,,,0.006666666666666636,0.006666666666666636,0.28,0.53,0.006666666666666636,0.17,0.51,0.49,0.35,0.09,0.54,01/17/2023,5.086666666666643,5.086666666666643,213.64000000000001,404.39000000000004,5.086666666666643,129.71,389.13,373.87,267.05,68.67,412.02000000000004,2.0,2.1,D,15939.52,2481.7299999999996,13457.79,0.75,14.0,2018 Murfreesboro RD,Nashville,TN,37214.0
22-23,Charter,743,Valor Flagship Academy,8045,37211,1392,,,,,,,,9%,9%,9%,9%,17%,17%,15%,14%,0.0,0.07,0.18,0.24,0.0,0.51,0.49,0.51,0.19,0.1,0.16,01/17/2023,0.0,97.44000000000001,250.56,334.08,0.0,709.92,682.08,709.92,264.48,139.20000000000002,222.72,5.0,5.0,A,15001.39,2791.2799999999997,12210.11,0.5579,15.0,4527 Nollensville RD,Nashville,TN,37211.0
22-23,Charter,744,Valor Voyager Academy,8080,37211,496,,,,,,,,25%,25%,25%,25%,,,,,0.0,0.08,0.19,0.32,0.0,0.41,0.48,0.52,0.21,0.11,0.28,01/17/2023,0.0,39.68,94.24,158.72,0.0,203.35999999999999,238.07999999999998,257.92,104.16,54.56,138.88000000000002,5.0,5.0,A,15419.64,3073.8599999999997,12345.779999999999,0.5,16.0,4527 Nolensville RD,Nashville,TN,37211.0
22-23,Elementary School,755,Warner Elementary,675,37206,409,< 10,6%,19%,17%,18%,12%,14%,11%,,,,,,,,0.010000000000000009,0.010000000000000009,0.78,0.010000000000000009,0.010000000000000009,0.18,0.52,0.48,0.65,0.18,0.025,01/17/2023,4.090000000000003,4.090000000000003,319.02000000000004,4.090000000000003,4.090000000000003,73.61999999999999,212.68,196.32,265.85,73.61999999999999,10.225000000000001,2.0,3.1,C,20890.609999999997,3622.9399999999996,17267.67,0.6667000000000001,10.0,626  Russell  ST,Nashville,TN,37206.0
22-23,Elementary School,765,Waverly-Belmont Elementary School,755,37204,482,,,18%,22%,21%,18%,21%,,,,,,,,,0.013333333333333345,0.013333333333333345,0.39,0.07,0.013333333333333345,0.5,0.52,0.48,0.22,0.16,0.075,01/17/2023,6.426666666666672,6.426666666666672,187.98000000000002,33.74,6.426666666666672,241.0,250.64000000000001,231.35999999999999,106.04,77.12,36.15,5.0,3.2,C,14612.3,1816.7299999999998,12795.57,0.7568,13.0,2301 10th Ave South ,Nashville,TN,37204.0
22-23,Middle School,770,West End Middle,690,37205,345,,,,,,,,,37%,33%,30%,,,,,0.01666666666666668,0.01666666666666668,0.42,0.07,0.01666666666666668,0.46,0.53,0.47,0.23,0.22,0.025,01/17/2023,5.750000000000004,5.750000000000004,144.9,24.150000000000002,5.750000000000004,158.70000000000002,182.85000000000002,162.14999999999998,79.35000000000001,75.9,8.625,4.0,3.4,C,15482.249999999998,1604.6299999999999,13877.619999999999,0.84,14.0,3529 West End AVE,Nashville,TN,37205.0
22-23,Elementary School,775,Westmeade Elementary,695,37205,375,,,21%,21%,19%,18%,21%,,,,,,,,,0.0,0.1,0.37,0.14,0.0,0.39,0.53,0.47,0.3,0.13,0.14,01/17/2023,0.0,37.5,138.75,52.50000000000001,0.0,146.25,198.75,176.25,112.5,48.75,52.50000000000001,3.0,3.9,B,16188.560000000001,2165.2499999999995,14023.310000000001,0.7576,11.0,6641  Clearbrook  DR,Nashville,TN,37205.0
22-23,High School,787,Whites Creek High School,704,37189,602,,,,,,,,,,,,29%,28%,25%,18%,0.0,0.0,0.78,0.11,0.0,0.11,0.54,0.46,0.61,0.18,0.09,01/17/2023,0.0,0.0,469.56,66.22,0.0,66.22,325.08000000000004,276.92,367.21999999999997,108.36,54.18,1.0,2.6,C,16928.72,3382.3199999999997,13546.400000000001,0.7619,14.0,7277  Old  Hickory BLVD,Whites Creek,TN,37189.0
22-23,Middle School,612,William Henry Oliver Middle,538,37211,680,,,,,,,,20%,24%,26%,30%,,,,,0.0,0.08,0.31,0.19,0.0,0.42,0.52,0.48,0.29,0.13,0.25,01/17/2023,0.0,54.4,210.8,129.2,0.0,285.59999999999997,353.6,326.4,197.2,88.4,170.0,2.0,2.5,C,14701.83,1866.73,12835.1,0.8571,16.0,6211 Nolensville RD,Nashville,TN,37211.0
22-23,Middle School,805,Wright Middle,715,37211,697,,,,,,,,24%,27%,23%,26%,,,,,0.013333333333333345,0.013333333333333345,0.17,0.69,0.013333333333333345,0.1,0.53,0.47,0.38,0.11,0.67,01/17/2023,9.293333333333342,9.293333333333342,118.49000000000001,480.92999999999995,9.293333333333342,69.7,369.41,327.59,264.86,76.67,466.99,1.0,1.3,F,15551.82,2786.49,12765.33,0.7333,11.0,180  McCall  ST,Nashville,TN,37211.0
